{
  "fundo1": "https://i.imgur.com/sample1.jpg",
  "fundo2": "https://i.imgur.com/sample2.jpg",
  "imgnazista": "",
  "imggay": "",
  "imgcorno": "",
  "imggostosa": "",
  "imggostoso": "",
  "imgfeio": "",
  "imgvesgo": "",
  "imgbebado": "",
  "imggado": "",
  "matarcmd": "",
  "deathcmd": "",
  "chutecmd": "",
  "tapacmd": "",
  "rnkgay": "",
  "rnkgado": "",
  "rnkcorno": "",
  "rnkgostoso": "",
  "rnkgostosa": "",
  "rnknazista": "",
  "rnkotaku": "",
  "rnkpau": "",
  "suruba": "",
  "minado_bomb": "",
  "thumbnail": ""
}