{
  "antipv": false,
  "antipv2": false,
  "antipv3": false,
  "visualizarmsg": true,
  "numero_dono1": "5511999999999",
  "numero_dono2": "",
  "numero_dono3": "",
  "numero_dono4": "",
  "numero_dono5": "",
  "numero_dono6": "",
  "msgantipv1": "Anti private message activated",
  "msgantipv2": "Anti private message activated",
  "API_KEY_INVERTEXTO": "",
  "verificado": false,
  "welcomepv": false,
  "menu_audio": false,
  "botoff": false,
  "listanegraG": [],
  "anticall": false,
  "TOKEN_GPT": "",
  "cmd_premium": false,
  "blockCmdG": false,
  "Odelete": false
}